1550058556,23,003;
1550058557,23,002;
1550058557,22,004;
1550058558,23,018;
1550058558,23,065;
1550058559,23,016;
1550058560,23,008;
1550058560,22,006;
1550058561,23,011;
1550058561,22,002;
1550058562,22,002;
1550058563,23,002;
1550058563,23,002;
1550058564,22,008;
1550058564,23,023;
1550058565,23,255;
1550058566,23,013;
1550058566,23,008;
1550058567,22,003;
1550058567,22,004;
1550058568,23,002;
1550058569,22,010;
1550058569,23,008;
1550058570,22,003;
1550058571,22,003;
1550058571,22,001;
1550058572,22,002;
1550058572,22,003;
1550058573,22,004;
1550058574,23,003;
1550058574,22,006;
1550058575,23,008;
1550058575,23,006;
1550058576,23,009;
1550058577,23,255;
1550058577,23,255;
1550058578,24,209;
1550058578,23,007;
1550058579,23,255;
1550058580,22,255;
1550058580,23,006;
1550058581,23,002;
1550058581,23,001;
1550058582,23,026;
1550058583,22,004;
1550058583,22,001;
1550058584,24,004;
1550058584,22,005;
1550058585,22,005;
1550058586,23,006;
1550058586,23,004;
1550058587,23,005;
1550058587,24,032;
1550058588,22,007;
1550058589,23,001;
1550058589,22,008;
1550058590,22,017;
1550058590,24,003;
1550058591,23,001;
1550058592,22,001;
1550058592,23,003;
1550058593,24,002;
1550058593,23,002;
1550058594,22,005;
1550058595,23,008;
1550058595,23,006;
1550058596,23,003;
1550058596,22,005;
1550058597,22,011;
1550058598,22,007;
1550058598,23,003;
1550058599,23,003;
1550058600,23,051;
1550058600,22,004;
1550058601,24,007;
1550058601,23,004;
1550058602,22,002;
1550058603,22,008;
1550058603,22,003;
1550058604,22,004;
1550058604,23,002;
1550058605,24,007;
1550058606,23,004;
1550058606,24,003;
1550058607,23,003;
1550058607,23,001;
1550058608,23,005;
1550058609,22,002;
1550058609,22,003;
1550058610,23,002;
1550058610,23,002;
1550058611,22,003;
1550058612,23,002;
1550058612,22,002;
1550058613,23,001;
1550058613,23,004;
1550058614,23,013;
1550058615,23,126;
1550058615,22,004;
1550058616,22,002;
1550058616,22,003;
1550058617,23,004;
1550058618,22,004;
1550058618,23,003;
1550058619,23,002;
1550058619,23,012;
1550058620,23,002;
1550058621,24,004;
1550058621,22,001;
1550058622,22,002;
1550058622,23,006;
1550058623,23,016;
1550058624,23,008;
1550058624,23,003;
1550058625,23,004;
1550058625,23,019;
1550058626,23,003;
1550058627,22,018;
1550058627,22,004;
1550058628,22,009;
1550058629,22,020;
1550058629,23,002;
1550058630,23,003;
1550058630,23,005;
1550058631,22,003;
1550058632,23,002;
1550058632,22,013;
1550058633,23,002;
1550058633,23,002;
1550058634,23,002;
1550058635,22,002;
1550058635,24,008;
1550058636,23,002;
1550058636,23,014;
1550058637,22,002;
1550058638,22,002;
1550058638,23,003;
1550058639,22,004;
1550058639,23,010;
1550058640,23,022;
1550058641,23,006;
1550058641,23,002;
1550058642,23,002;
1550058642,22,005;
1550058643,23,003;
1550058644,22,003;
1550058644,23,005;
1550058645,24,001;
1550058645,23,010;
1550058646,22,003;
1550058647,22,003;
1550058647,23,003;
1550058648,22,017;
1550058648,22,066;
1550058649,24,001;
1550058650,22,006;
1550058650,22,002;
1550058651,22,003;
1550058651,22,016;
1550058652,22,002;
1550058653,22,013;
1550058653,22,002;
1550058654,22,004;
1550058654,23,017;
1550058655,22,004;
1550058656,23,063;
1550058656,22,008;
1550058657,22,002;
1550058658,23,009;
1550058658,23,003;
1550058659,22,002;
1550058659,23,002;
1550058660,23,004;
1550058661,22,003;
1550058661,23,001;
1550058662,23,003;
1550058662,22,002;
1550058663,23,009;
1550058664,23,004;
1550058664,24,003;
1550058665,22,003;
1550058665,23,006;
1550058666,22,003;
1550058667,23,003;
1550058667,23,004;
1550058668,22,003;
1550058668,23,002;
1550058669,22,004;
1550058670,23,006;
1550058670,22,003;
1550058671,23,002;
1550058671,24,002;
1550058672,22,003;
1550058673,23,006;
1550058673,23,005;
1550058674,22,001;
1550058674,22,017;
1550058675,23,002;
1550058676,22,009;
1550058676,22,003;
1550058677,23,003;
1550058677,24,005;
1550058678,23,007;
1550058679,23,004;
1550058679,22,001;
1550058680,23,021;
1550058680,22,002;
1550058681,23,004;
1550058682,22,002;
1550058682,23,004;
1550058683,22,034;
1550058683,22,002;
1550058684,22,003;
1550058685,23,001;
1550058685,22,004;
1550058686,22,002;
1550058687,23,003;
1550058687,23,002;
1550058688,23,024;
1550058688,24,002;
1550058689,24,003;
1550058690,24,006;
1550058690,23,002;
1550058691,22,028;
1550058691,22,001;
1550058692,23,007;
1550058693,24,003;
1550058693,24,002;
1550058694,24,002;
1550058694,22,004;
1550058695,22,001;
1550058696,24,011;
1550058696,22,001;
1550058697,23,001;
1550058697,22,002;
1550058698,22,003;
1550058699,22,002;
1550058699,22,002;
1550058700,24,003;
1550058700,23,002;
1550058701,23,003;
1550058702,22,002;
1550058702,22,002;
1550058703,23,001;
1550058703,23,003;
1550058704,23,001;
1550058705,23,003;
1550058705,22,002;
1550058706,23,002;
1550058706,23,004;
1550058707,23,002;
1550058708,22,003;
1550058708,22,001;
1550058709,24,002;
1550058709,22,035;
1550058710,24,001;
1550058711,24,002;
1550058711,23,003;
1550058712,22,002;
1550058712,23,003;
1550058713,22,002;
1550058714,23,008;
1550058714,23,003;
1550058715,23,002;
1550058716,23,006;
1550058716,23,002;
1550058717,23,002;
1550058717,23,004;
1550058718,22,003;
1550058719,23,002;
1550058719,23,001;
1550058720,22,002;
1550058720,23,007;
1550058721,23,001;
1550058722,22,002;
1550058722,23,005;
1550058723,23,002;
1550058723,22,004;
1550058724,23,003;
1550058725,23,002;
1550058725,22,005;
1550058726,23,002;
1550058726,24,002;
1550058727,22,006;
1550058728,22,020;
1550058728,23,002;
1550058729,22,002;
1550058729,22,001;
1550058730,23,012;
1550058731,22,005;
1550058731,23,001;
1550058732,23,003;
1550058732,23,004;
1550058733,23,001;
1550058734,22,007;
1550058734,23,003;
1550058735,22,003;
1550058735,24,022;
1550058736,24,002;
1550058737,22,002;
1550058737,22,002;
1550058738,23,002;
1550058738,24,002;
1550058739,22,060;
1550058740,22,005;
1550058740,24,002;
1550058741,22,004;
1550058741,23,001;
1550058742,23,003;
1550058743,23,003;
1550058743,23,021;
1550058744,22,002;
1550058745,22,012;
1550058745,23,001;
1550058746,23,063;
1550058746,22,002;
1550058747,24,007;
1550058748,22,009;
1550058748,22,002;
1550058749,24,002;
1550058749,22,003;
1550058750,23,005;
1550058751,22,003;
1550058751,22,002;
1550058752,23,003;
1550058752,24,003;
1550058753,22,002;
1550058754,23,002;
1550058754,22,001;
1550058755,23,003;
1550058755,23,001;
1550058756,24,005;
1550058757,23,002;
1550058757,22,002;
1550058758,23,009;
1550058758,23,003;
1550058759,23,002;
1550058760,22,006;
1550058760,22,001;
1550058761,23,009;
1550058761,22,007;
1550058762,23,003;
1550058763,24,001;
1550058763,24,004;
1550058764,23,032;
1550058764,23,002;
1550058765,22,001;
1550058766,23,001;
1550058766,23,003;
1550058767,23,004;
1550058767,23,013;
1550058768,23,001;
1550058769,23,002;
1550058769,22,004;
1550058770,23,018;
1550058770,23,002;
1550058771,22,002;
1550058772,23,003;
1550058772,23,004;
1550058773,24,012;
1550058774,22,003;
1550058774,22,007;
1550058775,23,002;
1550058775,24,030;
1550058776,23,002;
1550058777,23,004;
1550058777,22,003;
1550058778,23,003;
1550058778,23,005;
1550058779,23,006;
1550058780,22,002;
1550058780,22,004;
1550058781,24,001;
1550058781,24,002;
1550058782,22,007;
1550058783,23,038;
1550058783,23,007;
1550058784,23,002;
1550058784,22,002;
1550058785,23,003;
1550058786,23,025;
1550058786,23,007;
1550058787,23,011;
1550058787,23,013;
1550058788,23,005;
1550058789,23,003;
1550058789,23,008;
1550058790,22,004;
1550058790,22,002;
1550058791,23,003;
1550058792,23,005;
1550058792,22,008;
1550058793,23,021;
1550058793,22,002;
1550058794,22,009;
1550058795,22,001;
1550058795,22,002;
1550058796,23,002;
1550058796,22,003;
1550058797,22,001;
1550058798,23,012;
1550058798,22,004;
1550058799,24,002;
1550058799,23,002;
1550058800,24,005;
1550058801,23,002;
1550058801,22,011;
1550058802,23,009;
1550058803,22,002;
1550058803,22,003;
1550058804,23,003;
1550058804,23,005;
1550058805,23,013;
1550058806,24,009;
1550058806,22,005;
1550058807,22,001;
1550058807,23,003;
1550058808,22,002;
1550058809,22,190;
1550058809,23,036;
1550058810,23,002;
1550058810,23,003;
1550058811,22,009;
1550058812,23,002;
1550058812,22,008;
1550058813,23,003;
1550058813,22,075;
1550058814,24,001;
1550058815,22,012;
1550058815,22,002;
1550058816,22,002;
1550058816,23,001;
1550058817,22,002;
1550058818,23,009;
1550058818,22,048;
1550058819,22,010;
1550058819,22,005;
1550058820,23,010;
1550058821,23,008;
1550058821,23,008;
1550058822,23,004;
1550058822,23,002;
1550058823,24,059;
1550058824,22,015;
1550058824,24,003;
1550058825,24,002;
1550058825,23,004;
1550058826,22,003;
1550058827,23,004;
1550058827,23,003;
1550058828,23,003;
1550058828,23,013;
1550058829,24,002;
1550058830,22,010;
1550058830,22,003;
1550058831,24,005;
1550058832,23,001;
1550058832,23,004;
1550058833,23,000;
1550058833,24,004;
1550058834,22,002;
1550058835,23,003;
1550058835,23,001;
1550058836,22,002;
1550058836,23,003;
1550058837,22,002;
1550058838,22,003;
1550058838,23,013;
1550058839,24,005;
1550058839,23,004;
1550058840,23,003;
1550058841,23,003;
1550058841,23,003;
1550058842,23,001;
1550058842,23,003;
1550058843,22,002;
1550058844,22,004;
1550058844,23,006;
1550058845,23,004;
1550058845,22,002;
1550058846,23,003;
1550058847,22,002;
1550058847,23,001;
1550058848,23,001;
1550058848,23,001;
1550058849,23,003;
1550058850,22,012;
1550058850,23,002;
1550058851,22,008;
1550058851,23,004;
1550058852,23,003;
1550058853,22,005;
1550058853,23,002;
1550058854,24,004;
1550058854,23,003;
1550058855,22,006;
1550058856,22,002;
1550058856,23,002;
1550058857,22,002;
1550058857,24,003;
1550058858,23,002;
1550058859,22,001;
1550058859,23,001;
1550058860,24,002;
1550058861,22,008;
1550058861,24,013;
1550058862,22,001;
1550058862,23,003;
1550058863,22,001;
1550058864,24,005;
1550058864,23,002;
1550058865,23,002;
1550058865,22,002;
1550058866,24,062;
1550058867,22,002;
1550058867,23,002;
1550058868,23,003;
1550058868,22,001;
1550058869,23,002;
1550058870,22,001;
1550058870,24,002;
1550058871,24,001;
1550058871,24,003;
1550058872,23,003;
1550058873,23,007;
1550058873,22,001;
1550058874,23,003;
1550058874,22,003;
1550058875,23,001;
1550058876,24,007;
1550058876,24,007;
1550058877,23,002;
1550058877,23,002;
1550058878,22,002;
1550058879,22,007;
1550058879,22,002;
1550058880,24,004;
1550058880,23,041;
1550058881,24,016;
1550058882,23,005;
1550058882,22,002;
1550058883,23,002;
1550058883,23,001;
1550058884,22,002;
1550058885,22,002;
1550058885,24,003;
1550058886,23,003;
1550058886,24,003;
1550058887,22,002;
1550058888,23,002;
1550058888,24,004;
1550058889,24,002;
1550058890,22,033;
1550058890,22,004;
1550058891,23,001;
1550058891,22,002;
1550058892,23,002;
1550058893,22,002;
1550058893,23,127;
1550058894,22,002;
1550058894,23,003;
1550058895,23,015;
1550058896,24,003;
1550058896,23,003;
1550058897,23,003;
1550058897,23,003;
1550058898,22,001;
1550058899,22,004;
1550058899,23,002;
1550058900,22,006;
1550058900,23,012;
1550058901,23,004;
1550058902,22,010;
1550058902,23,005;
1550058903,23,006;
1550058903,23,001;
1550058904,24,003;
1550058905,24,003;
1550058905,23,001;
1550058906,22,007;
1550058906,23,002;
1550058907,22,011;
1550058908,22,004;
1550058908,23,004;
1550058909,23,237;
1550058909,23,014;
1550058910,23,015;
1550058911,23,004;
1550058911,23,009;
1550058912,23,005;
1550058912,22,003;
1550058913,23,013;
1550058914,22,003;
1550058914,24,004;
1550058915,22,011;
1550058916,22,007;
1550058916,22,006;
1550058917,23,004;
1550058917,24,020;
1550058918,23,006;
1550058919,23,002;
1550058919,23,007;
1550058920,23,003;
1550058920,23,016;
1550058921,24,009;
1550058922,22,001;
1550058922,22,003;
1550058923,22,003;
1550058923,23,004;
1550058924,23,005;
1550058925,23,019;
1550058925,22,048;
1550058926,24,007;
1550058926,24,067;
1550058927,22,003;
1550058928,23,003;
1550058928,23,009;
1550058929,23,054;
1550058929,23,002;
1550058930,22,022;
1550058931,23,014;
1550058931,23,001;
1550058932,23,002;
1550058932,23,003;
1550058933,24,042;
1550058934,22,002;
1550058934,23,005;
1550058935,22,001;
1550058935,22,003;
1550058936,23,002;
1550058937,23,001;
1550058937,23,003;
1550058938,24,004;
1550058938,22,003;
1550058939,23,001;
1550058940,24,001;
1550058940,23,018;
1550058941,24,001;
1550058941,23,004;
1550058942,22,002;
1550058943,22,001;
1550058943,22,003;
1550058944,23,001;
1550058945,23,001;
1550058945,23,001;
1550058946,23,001;
1550058946,23,002;
1550058947,24,003;
1550058948,22,001;
1550058948,23,001;
1550058949,24,011;
1550058949,22,003;
1550058950,23,003;
1550058951,22,002;
1550058951,23,012;
1550058952,23,002;
1550058952,22,005;
1550058953,23,004;
1550058954,23,003;
1550058954,23,002;
1550058955,22,002;
1550058955,24,002;
1550058956,23,003;
1550058957,24,002;
1550058957,24,002;
1550058958,22,004;
1550058958,23,020;
1550058959,23,010;
1550058960,23,001;
1550058960,23,002;
1550058961,24,003;
1550058961,23,003;
1550058962,23,081;
1550058963,23,003;
1550058963,22,005;
1550058964,24,003;
1550058964,24,010;
1550058965,23,003;
1550058966,23,012;
1550058966,23,005;
1550058967,23,006;
1550058967,23,019;
1550058968,22,004;
1550058969,23,003;
1550058969,23,004;
1550058970,22,003;
1550058970,23,004;
1550058971,24,004;
1550058972,24,002;
1550058972,24,001;
1550058973,23,003;
1550058974,24,008;
1550058974,23,002;
1550058975,23,003;
1550058975,24,031;
1550058976,23,004;
1550058977,23,001;
1550058977,23,001;
1550058978,22,008;
1550058978,23,003;
1550058979,22,003;
1550058980,22,255;
1550058980,23,009;
1550058981,24,001;
1550058981,22,002;
1550058982,24,002;
1550058983,22,002;
1550058983,23,003;
1550058984,24,004;
1550058984,22,011;
1550058985,23,001;
1550058986,23,001;
1550058986,22,003;
1550058987,24,033;
1550058987,24,005;
1550058988,22,011;
1550058989,23,002;
1550058989,23,004;
1550058990,24,092;
1550058990,23,001;
1550058991,23,001;
1550058992,23,001;
1550058992,23,001;
1550058993,22,004;
1550058993,23,001;
1550058994,23,001;
1550058995,23,002;
1550058995,23,001;
1550058996,24,023;
1550058996,24,255;
1550058997,23,003;
1550058998,22,255;
1550058998,23,003;
1550058999,23,002;
1550058999,23,001;
1550059000,24,007;
1550059001,23,009;
1550059001,23,003;
1550059002,23,002;
1550059003,24,007;
1550059003,23,001;
1550059004,23,003;
1550059004,23,002;
1550059005,22,003;
1550059006,22,002;
1550059006,24,046;
1550059007,24,005;
1550059007,24,001;
1550059008,22,002;
1550059009,24,001;
1550059009,24,006;
1550059010,23,008;
1550059010,22,003;
1550059011,22,005;
1550059012,22,002;
1550059012,24,009;
1550059013,23,010;
1550059013,24,001;
1550059014,23,001;
1550059015,23,010;
1550059015,23,002;
1550059016,23,006;
1550059016,23,007;
1550059017,23,004;
1550059018,23,003;
1550059018,23,003;
1550059019,22,009;
1550059019,24,072;
1550059020,22,001;
1550059021,24,006;
1550059021,22,014;
1550059022,23,000;
1550059022,24,005;
1550059023,23,004;
1550059024,23,001;
1550059024,22,001;
1550059025,23,002;
1550059025,24,005;
1550059026,24,005;
1550059027,23,022;
1550059027,23,002;
1550059028,24,004;
1550059028,23,009;
1550059029,23,001;
1550059030,23,055;
1550059030,24,029;
1550059031,23,003;
1550059032,23,206;
1550059032,22,003;
1550059033,24,002;
1550059033,23,004;
1550059034,22,009;
1550059035,23,003;
1550059035,24,002;
1550059036,23,002;
1550059036,24,012;
1550059037,24,005;
1550059038,22,003;
1550059038,23,002;
1550059039,23,003;
1550059039,23,001;
1550059040,23,003;
1550059041,24,003;
1550059041,23,008;
1550059042,23,007;
1550059042,23,003;
1550059043,24,006;
1550059044,24,003;
1550059044,24,007;
1550059045,22,002;
1550059045,24,002;
1550059046,22,078;
1550059047,23,005;
1550059047,24,002;
1550059048,24,255;
1550059048,24,008;
1550059049,23,016;
1550059050,23,012;
1550059050,24,005;
1550059051,23,002;
1550059051,23,002;
1550059052,23,009;
1550059053,23,005;
1550059053,22,002;
1550059054,24,004;
1550059054,23,011;
1550059055,23,043;
1550059056,23,003;
1550059056,23,047;
1550059057,24,005;
1550059057,22,001;
1550059058,23,003;
1550059059,24,008;
1550059059,23,008;
1550059060,24,004;
1550059061,23,002;
1550059061,22,002;
1550059062,24,002;
1550059062,24,068;
1550059063,24,007;
1550059064,24,002;
1550059064,24,001;
1550059065,23,021;
1550059065,23,105;
1550059066,22,002;
1550059067,23,002;
1550059067,23,003;
1550059068,24,039;
1550059068,24,001;
1550059069,22,003;
1550059070,24,002;
1550059070,23,002;
1550059071,22,006;
1550059071,23,002;
1550059072,24,009;
1550059073,24,002;
1550059073,24,001;
1550059074,23,003;
1550059074,23,013;
1550059075,22,006;
1550059076,24,002;
1550059076,23,010;
1550059077,23,004;
1550059077,24,003;
1550059078,23,009;
1550059079,24,003;
1550059079,22,004;
1550059080,23,004;
1550059080,22,002;
1550059081,24,007;
1550059082,22,005;
1550059082,23,004;
1550059083,22,007;
1550059083,23,002;
1550059084,24,003;
1550059085,23,002;
1550059085,23,012;
1550059086,24,017;
1550059086,23,237;
1550059087,22,003;
1550059088,24,228;
1550059088,23,135;
1550059089,23,001;
1550059090,23,004;
1550059090,24,002;
1550059091,23,006;
1550059091,23,004;
1550059092,24,005;
1550059093,22,002;
1550059093,22,003;
1550059094,24,014;
1550059094,23,004;
1550059095,24,006;
1550059096,23,003;
1550059096,23,001;
1550059097,22,001;
1550059097,22,010;
1550059098,22,002;
1550059099,23,007;
1550059099,23,032;
1550059100,24,255;
1550059100,24,255;
1550059101,23,004;
1550059102,24,003;
1550059102,22,001;
1550059103,23,003;
1550059103,23,004;
1550059104,23,002;
1550059105,23,007;
1550059105,23,002;
1550059106,22,002;
1550059106,24,005;
1550059107,24,008;
1550059108,23,004;
1550059108,24,001;
1550059109,24,004;
1550059109,24,001;
1550059110,23,001;
1550059111,24,002;
1550059111,23,002;
1550059112,23,022;
1550059112,23,003;
1550059113,23,004;
1550059114,23,002;
1550059114,24,001;
1550059115,23,004;
1550059115,24,001;
1550059116,23,002;
1550059117,23,007;
1550059117,23,054;
1550059118,23,041;
1550059119,24,005;
1550059119,24,003;
1550059120,23,001;
1550059120,24,016;
1550059121,24,015;
1550059122,23,001;
1550059122,24,001;
1550059123,23,002;
1550059123,23,001;
1550059124,24,015;
1550059125,24,003;
1550059125,22,034;
1550059126,24,002;
1550059126,22,004;
1550059127,24,007;
1550059128,23,009;
1550059128,23,002;
1550059129,24,002;
1550059129,23,004;
1550059130,23,003;
1550059131,23,007;
1550059131,22,002;
1550059132,23,034;
1550059132,22,003;
1550059133,23,004;
1550059134,23,005;
1550059134,22,001;
1550059135,23,011;
1550059135,23,003;
1550059136,23,075;
1550059137,23,005;
1550059137,23,002;
1550059138,22,003;
1550059138,24,003;
1550059139,24,003;
1550059140,22,003;
1550059140,23,001;
1550059141,23,003;
1550059141,24,003;
1550059142,24,005;
1550059143,23,001;
1550059143,23,093;
1550059144,24,002;
1550059144,24,004;
1550059145,22,002;
1550059146,22,049;
1550059146,23,005;
1550059147,23,003;
1550059148,23,002;
1550059148,23,004;
1550059149,23,001;
1550059149,23,004;
1550059150,23,011;
1550059151,24,002;
1550059151,24,002;
1550059152,22,002;
1550059152,23,005;
1550059153,23,001;
1550059154,23,002;
1550059154,24,005;
1550059155,23,002;
1550059155,23,001;
1550059156,23,005;
1550059157,23,017;
1550059157,23,049;
1550059158,24,004;
1550059158,23,015;
1550059159,23,016;
1550059160,23,001;
1550059160,24,001;
1550059161,24,003;
1550059161,24,002;
1550059162,24,060;
1550059163,24,002;
1550059163,23,005;
1550059164,23,001;
1550059164,24,001;
1550059165,23,006;
1550059166,23,007;
1550059166,23,001;
1550059167,22,001;
1550059167,23,002;
1550059168,23,003;
1550059169,23,004;
1550059169,23,003;
1550059170,23,001;
1550059170,22,001;
1550059171,24,004;
1550059172,23,003;
1550059172,23,003;
1550059173,23,014;
1550059173,24,001;
1550059174,23,002;
1550059175,24,004;
1550059175,24,016;
1550059176,22,003;
1550059177,22,003;
1550059177,23,020;
1550059178,24,003;
1550059178,23,003;
1550059179,24,002;
1550059180,24,004;
1550059180,23,008;
1550059181,24,003;
1550059181,23,007;
1550059182,22,002;
1550059183,22,005;
1550059183,24,005;
1550059184,23,002;
1550059184,24,001;
1550059185,22,001;
1550059186,23,072;
1550059186,22,001;
1550059187,23,001;
1550059187,23,002;
1550059188,22,007;
1550059189,23,003;
1550059189,22,001;
1550059190,22,004;
1550059190,23,002;
1550059191,23,001;
1550059192,22,001;
1550059192,22,004;
1550059193,23,002;
1550059193,24,002;
1550059194,24,001;
1550059195,23,001;
1550059195,22,001;
1550059196,23,007;
1550059196,23,007;
1550059197,23,002;
1550059198,24,003;
1550059198,23,006;
1550059199,23,002;
1550059199,22,002;
1550059200,24,001;
1550059201,22,001;
1550059201,22,001;
1550059202,23,009;
1550059202,23,003;
1550059203,24,003;
1550059204,24,001;
1550059204,23,002;
1550059205,23,014;
1550059206,23,029;
1550059206,22,003;
1550059207,24,005;
1550059207,24,001;
1550059208,22,003;
1550059209,23,001;
1550059209,23,001;
1550059210,23,003;
1550059210,23,003;
1550059211,23,025;
1550059212,22,001;
1550059212,23,001;
1550059213,22,004;
1550059213,23,003;
1550059214,24,002;
1550059215,22,042;
1550059215,24,002;
1550059216,24,004;
1550059216,23,002;
1550059217,23,001;
1550059218,23,002;
1550059218,24,002;
1550059219,23,001;
1550059219,23,001;
1550059220,23,003;
1550059221,23,001;
1550059221,22,003;
1550059222,23,001;
1550059222,23,002;
1550059223,23,001;
1550059224,23,004;
1550059224,23,002;
1550059225,23,002;
1550059225,23,001;
1550059226,22,005;
1550059227,22,007;
1550059227,23,004;
1550059228,24,003;
1550059228,24,003;
1550059229,23,002;
1550059230,22,007;
1550059230,23,004;
1550059231,23,003;
1550059231,22,002;
1550059232,23,001;
1550059233,23,001;
1550059233,24,002;
1550059234,23,003;
1550059235,22,010;
1550059235,24,004;
1550059236,22,013;
1550059236,24,001;
1550059237,23,002;
1550059238,24,003;
1550059238,24,072;
1550059239,23,004;
1550059239,23,004;
1550059240,22,001;
1550059241,23,006;
1550059241,23,002;
1550059242,23,006;
1550059242,23,002;
1550059243,23,002;
1550059244,24,001;
1550059244,23,002;
1550059245,23,002;
1550059245,22,012;
1550059246,24,002;
1550059247,22,008;
1550059247,22,003;
1550059248,24,002;
1550059248,24,003;
1550059249,23,031;
1550059250,23,013;
1550059250,23,004;
1550059251,23,002;
1550059251,22,003;
1550059252,23,036;
1550059253,23,002;
1550059253,23,022;
1550059254,23,004;
1550059254,22,001;
1550059255,23,023;
1550059256,23,005;
1550059256,23,003;
1550059257,23,005;
1550059257,22,002;
1550059258,24,025;
1550059259,23,002;
1550059259,22,002;
1550059260,23,001;
1550059260,22,003;
1550059261,24,001;
1550059262,24,002;
1550059262,22,003;
1550059263,23,002;
1550059264,24,001;
1550059264,24,002;
1550059265,24,002;
1550059265,23,002;
1550059266,23,001;
1550059267,22,002;
1550059267,24,001;
1550059268,23,001;
1550059268,24,001;
1550059269,23,007;
1550059270,23,001;
1550059270,24,001;
1550059271,23,004;
1550059271,23,004;
1550059272,23,006;
1550059273,23,003;
1550059273,23,002;
1550059274,24,002;
1550059274,23,003;
1550059275,22,001;
1550059276,24,015;
1550059276,24,009;
1550059277,24,003;
1550059277,24,003;
1550059278,22,005;
1550059279,22,003;
1550059279,24,002;
1550059280,24,002;
1550059280,22,005;
1550059281,23,002;
1550059282,23,003;
1550059282,23,002;
1550059283,22,001;
1550059283,24,002;
1550059284,24,002;
1550059285,23,004;
1550059285,24,002;
1550059286,23,017;
1550059286,24,001;
1550059287,23,005;
1550059288,23,001;
1550059288,23,012;
1550059289,23,001;
1550059289,23,005;
1550059290,23,003;
1550059291,23,001;
1550059291,22,002;
1550059292,22,001;
1550059293,22,001;
1550059293,23,001;
1550059294,23,053;
1550059294,22,004;
1550059295,23,009;
1550059296,24,003;
1550059296,22,014;
1550059297,23,002;
1550059297,24,008;
1550059298,23,003;
1550059299,24,006;
1550059299,22,004;
1550059300,23,010;
1550059300,23,004;
1550059301,24,001;
1550059302,22,003;
1550059302,23,001;
1550059303,22,002;
1550059303,24,001;
1550059304,22,003;
1550059305,23,003;
1550059305,24,002;
1550059306,24,001;
1550059306,22,002;
1550059307,23,010;
1550059308,23,001;
1550059308,22,003;
1550059309,24,001;
1550059309,23,002;
1550059310,23,002;
1550059311,23,022;
1550059311,23,002;
1550059312,23,002;
1550059312,23,002;
1550059313,22,004;
1550059314,23,014;
1550059314,23,002;
1550059315,22,002;
1550059315,23,020;
1550059316,23,001;
1550059317,23,002;
1550059317,23,004;
1550059318,23,002;
1550059318,22,010;
1550059319,24,002;
1550059320,22,004;
1550059320,24,005;
1550059321,24,003;
1550059322,23,002;
1550059322,24,014;
1550059323,23,003;
1550059323,23,004;
1550059324,24,002;
1550059325,23,002;
1550059325,22,010;
1550059326,23,004;
1550059326,24,002;
1550059327,24,005;
1550059328,24,002;
1550059328,23,020;
1550059329,23,002;
1550059329,23,007;
1550059330,23,003;
1550059331,23,018;
1550059331,23,005;
1550059332,23,003;
1550059332,22,005;
1550059333,23,003;
1550059334,24,001;
1550059334,22,007;
1550059335,24,006;
1550059335,23,008;
1550059336,24,002;
1550059337,23,004;
1550059337,23,027;
1550059338,23,065;
1550059338,23,004;
1550059339,24,004;
1550059340,23,001;
1550059340,23,003;
1550059341,23,005;
1550059341,24,004;
1550059342,23,016;
1550059343,24,003;
1550059343,22,002;
1550059344,22,015;
1550059344,22,002;
1550059345,24,044;
1550059346,23,001;
1550059346,24,004;
1550059347,23,002;
1550059347,24,004;
1550059348,22,001;
1550059349,24,001;
1550059349,24,003;
1550059350,23,002;
1550059351,24,006;
1550059351,22,003;
1550059352,23,002;
1550059352,23,002;
1550059353,23,002;
1550059354,23,001;
1550059354,23,004;
1550059355,23,001;
1550059355,23,005;
1550059356,24,001;
1550059357,22,052;
1550059357,24,002;
1550059358,24,001;
1550059358,23,001;
1550059359,24,002;
1550059360,22,003;
1550059360,23,002;
1550059361,22,003;
1550059361,24,001;
1550059362,23,003;
1550059363,24,003;
1550059363,24,003;
1550059364,23,009;
1550059364,23,002;
1550059365,24,001;
1550059366,23,003;
1550059366,23,003;
1550059367,23,009;
1550059367,22,006;
1550059368,24,009;
1550059369,24,025;
1550059369,24,009;
1550059370,24,002;
1550059370,24,003;
1550059371,24,081;
1550059372,23,002;
1550059372,22,001;
1550059373,23,001;
1550059373,23,002;
1550059374,23,001;
1550059375,24,006;
1550059375,23,001;
1550059376,22,002;
1550059376,23,000;
1550059377,23,072;
1550059378,24,005;
1550059378,23,255;
1550059379,24,001;
1550059380,22,001;
1550059380,23,003;
1550059381,23,004;
1550059381,23,046;
1550059382,23,016;
1550059383,23,002;
1550059383,23,001;
1550059384,23,003;
1550059384,24,003;
1550059385,24,002;
1550059386,23,001;
1550059386,24,009;
1550059387,23,037;
1550059387,24,004;
1550059388,22,004;
1550059389,23,002;
1550059389,23,002;
1550059390,24,001;
1550059390,23,028;
1550059391,24,002;
1550059392,23,003;
1550059392,22,001;
1550059393,22,024;
1550059393,23,003;
1550059394,23,002;
1550059395,22,003;
1550059395,23,002;
1550059396,22,003;
1550059396,23,002;
1550059397,22,001;
1550059398,24,001;
1550059398,23,004;
1550059399,23,001;
1550059399,24,001;
1550059400,24,002;
1550059401,23,006;
1550059401,24,003;
1550059402,23,007;
1550059402,24,001;
1550059403,23,001;
1550059404,23,003;
1550059404,23,001;
1550059405,24,002;
1550059405,23,003;
1550059406,24,030;
1550059407,23,003;
1550059407,24,003;
1550059408,22,032;
1550059409,23,007;
1550059409,23,006;
1550059410,24,003;
1550059410,23,026;
1550059411,22,002;
1550059412,22,002;
1550059412,23,001;
1550059413,24,006;
1550059413,24,002;
1550059414,24,006;
1550059415,24,008;
1550059415,24,011;
1550059416,23,003;
1550059416,23,020;
1550059417,23,002;
1550059418,23,016;
1550059418,24,004;
1550059419,23,001;
1550059419,23,001;
1550059420,23,011;
1550059421,24,003;
1550059421,24,003;
1550059422,23,001;
1550059422,24,000;
1550059423,23,006;
1550059424,22,004;
1550059424,23,003;
1550059425,24,003;
1550059425,24,006;
1550059426,24,002;
1550059427,22,001;
1550059427,24,003;
1550059428,24,001;
1550059428,24,003;
1550059429,23,003;
1550059430,22,004;
1550059430,23,004;
1550059431,24,003;
1550059431,23,004;
1550059432,24,005;
1550059433,24,002;
1550059433,23,002;
1550059434,24,001;
1550059435,22,065;
1550059435,23,006;
1550059436,23,005;
1550059436,23,002;
1550059437,24,003;
1550059438,24,004;
1550059438,24,002;
1550059439,23,000;
1550059439,24,002;
1550059440,22,002;
1550059441,23,003;
1550059441,23,007;
1550059442,23,005;
1550059442,24,006;
1550059443,23,030;
1550059444,24,011;
1550059444,24,005;
1550059445,23,004;
1550059445,23,009;
1550059446,23,002;
1550059447,23,001;
1550059447,23,002;
1550059448,23,003;
1550059448,23,002;
1550059449,23,002;
1550059450,22,002;
1550059450,24,001;
1550059451,23,006;
1550059451,22,003;
1550059452,23,002;
1550059453,23,002;
1550059453,24,003;
1550059454,24,001;
1550059454,22,009;
1550059455,24,001;
1550059456,23,003;
1550059456,24,001;
1550059457,23,002;
1550059457,22,002;
1550059458,24,002;
1550059459,22,001;
1550059459,23,002;
1550059460,24,003;
1550059460,23,005;
1550059461,22,002;
1550059462,23,002;
1550059462,23,001;
1550059463,24,027;
1550059464,23,002;
1550059464,24,001;
1550059465,24,003;
1550059465,24,003;
1550059466,24,001;
1550059467,22,001;
1550059467,23,002;
1550059468,22,004;
1550059468,23,002;
1550059469,23,002;
1550059470,22,002;
1550059470,24,001;
1550059471,23,003;
1550059471,24,001;
1550059472,23,003;
1550059473,24,043;
1550059473,23,003;
1550059474,24,015;
1550059474,24,002;
1550059475,23,002;
1550059476,24,005;
1550059476,22,002;
1550059477,22,002;
1550059477,24,002;
1550059478,23,002;
1550059479,23,002;
1550059479,24,005;
1550059480,23,004;
1550059480,23,003;
1550059481,24,002;
1550059482,23,006;
1550059482,23,015;
1550059483,23,003;
1550059483,24,001;
1550059484,24,004;
1550059485,23,003;
1550059485,22,002;
1550059486,23,004;
1550059486,24,004;
1550059487,23,002;
1550059488,23,001;
1550059488,23,004;
1550059489,24,002;
1550059489,23,003;
1550059490,23,001;
1550059491,24,015;
1550059491,23,002;
1550059492,23,005;
1550059493,23,003;
1550059493,22,001;
1550059494,24,002;
1550059494,24,001;
1550059495,23,002;
1550059496,23,004;
1550059496,24,001;
1550059497,24,078;
1550059497,23,010;
1550059498,24,002;
1550059499,24,001;
1550059499,23,004;
1550059500,22,026;
1550059500,22,002;
1550059501,24,002;
1550059502,24,001;
1550059502,24,004;
1550059503,22,003;
1550059503,24,059;
1550059504,23,014;
1550059505,22,001;
1550059505,23,002;
1550059506,23,001;
1550059506,23,001;
1550059507,23,003;
1550059508,23,003;
1550059508,23,001;
1550059509,23,002;
1550059509,23,015;
1550059510,23,004;
1550059511,23,002;
1550059511,23,003;
1550059512,23,012;
1550059512,23,002;
1550059513,22,006;
1550059514,24,005;
1550059514,23,001;
1550059515,23,001;
1550059515,24,005;
1550059516,24,240;
1550059517,22,003;
1550059517,24,001;
1550059518,24,002;
1550059518,24,025;
1550059519,22,006;
1550059520,23,005;
1550059520,23,002;
1550059521,24,003;
1550059522,24,003;
1550059522,22,004;
1550059523,23,001;
1550059523,23,003;
1550059524,24,002;
1550059525,23,003;
1550059525,24,002;
1550059526,23,064;
1550059526,23,030;
1550059527,22,003;
1550059528,22,005;
1550059528,24,013;
1550059529,24,003;
1550059529,23,005;
1550059530,24,002;
1550059531,24,003;
1550059531,23,002;
1550059532,22,002;
1550059532,24,003;
1550059533,24,002;
1550059534,24,002;
1550059534,24,005;
1550059535,22,007;
1550059535,23,001;
1550059536,24,005;
1550059537,24,005;
1550059537,23,001;
1550059538,23,002;
1550059538,24,001;
1550059539,23,001;
1550059540,23,005;
1550059540,23,004;
1550059541,24,007;
1550059541,24,004;
1550059542,24,003;
1550059543,22,002;
1550059543,24,004;
1550059544,22,002;
1550059544,22,003;
1550059545,24,003;
1550059546,23,002;
1550059546,24,001;
1550059547,23,004;
1550059547,23,002;
1550059548,23,002;
1550059549,23,002;
1550059549,23,002;
1550059550,23,002;
1550059551,23,010;
1550059551,24,009;
1550059552,23,001;
1550059552,23,003;
1550059553,24,004;
1550059554,22,003;
1550059554,22,037;
1550059555,22,001;
1550059555,24,003;
1550059556,23,007;
1550059557,24,020;
1550059557,23,002;
1550059558,23,002;
1550059558,23,002;
1550059559,23,003;
1550059560,23,004;
1550059560,24,003;
1550059561,24,002;
1550059561,24,003;
1550059562,22,002;
1550059563,24,006;
1550059563,24,002;
1550059564,24,001;
1550059564,22,002;
1550059565,22,006;
1550059566,24,003;
1550059566,24,003;
1550059567,23,003;
1550059567,23,002;
1550059568,23,002;
1550059569,24,002;
1550059569,23,001;
1550059570,24,001;
1550059570,23,002;
1550059571,24,047;
1550059572,23,001;
1550059572,23,003;
1550059573,24,003;
1550059573,24,002;
1550059574,23,001;
1550059575,23,185;
1550059575,24,007;
1550059576,24,001;
1550059576,24,001;
1550059577,24,002;
1550059578,23,007;
1550059578,24,049;
1550059579,23,002;
1550059580,22,002;
1550059580,23,003;
1550059581,24,002;
1550059581,23,003;
1550059582,23,003;
1550059583,24,005;
1550059583,22,002;
1550059584,23,001;
1550059584,23,081;
1550059585,22,000;
1550059586,24,002;
1550059586,24,003;
1550059587,23,003;
1550059587,22,004;
1550059588,23,003;
1550059589,23,003;
1550059589,24,004;
1550059590,23,004;
1550059590,22,044;
1550059591,23,041;
1550059592,23,002;
1550059592,24,012;
1550059593,24,014;
1550059593,24,004;
1550059594,22,002;
1550059595,23,003;
1550059595,23,002;
1550059596,24,004;
1550059596,22,002;
1550059597,23,013;
1550059598,23,012;
1550059598,22,007;
1550059599,23,002;
1550059599,24,017;
1550059600,24,002;
1550059601,23,003;
1550059601,22,003;
1550059602,24,003;
1550059602,23,001;
1550059603,22,007;
1550059604,23,001;
1550059604,24,002;
1550059605,23,001;
1550059605,23,001;
1550059606,23,001;
1550059607,23,005;
1550059607,23,001;
1550059608,23,002;
1550059609,22,001;
1550059609,24,005;
1550059610,23,006;
1550059610,24,002;
1550059611,23,001;
1550059612,24,002;
1550059612,23,002;
1550059613,24,002;
1550059613,24,003;
1550059614,23,002;
1550059615,24,006;
1550059615,22,003;
1550059616,24,002;
1550059616,23,031;
1550059617,24,011;
1550059618,23,001;
1550059618,22,001;
1550059619,23,001;
1550059619,24,001;
1550059620,23,006;
1550059621,24,001;
1550059621,23,008;
1550059622,24,002;
1550059622,24,255;
1550059623,23,002;
1550059624,23,004;
1550059624,23,003;
1550059625,24,001;
1550059625,24,001;
1550059626,23,001;
1550059627,23,002;
1550059627,23,003;
1550059628,24,001;
1550059628,24,013;
1550059629,23,007;
1550059630,23,066;
1550059630,24,002;
1550059631,24,002;
1550059631,23,008;
1550059632,24,001;
1550059633,22,001;
1550059633,23,001;
1550059634,23,004;
1550059634,24,001;
1550059635,24,002;
1550059636,24,001;
1550059636,23,002;
1550059637,24,044;
1550059638,24,002;
1550059638,24,003;
1550059639,23,013;
1550059639,23,015;
1550059640,23,002;
1550059641,24,003;
1550059641,23,015;
1550059642,23,009;
1550059642,24,001;
1550059643,23,002;
1550059644,23,001;
1550059644,23,002;
1550059645,24,003;
1550059645,24,003;
1550059646,23,010;
1550059647,24,028;
1550059647,24,007;
1550059648,23,011;
1550059648,24,001;
1550059649,24,002;
1550059650,23,002;
1550059650,24,015;
1550059651,24,003;
1550059651,24,002;
1550059652,24,009;
1550059653,24,003;
1550059653,24,002;
1550059654,23,002;
1550059654,24,001;
1550059655,24,003;
1550059656,24,012;
1550059656,24,002;
1550059657,23,002;
1550059657,23,003;
1550059658,23,003;
1550059659,23,002;
1550059659,22,001;
1550059660,24,002;
1550059660,23,002;
1550059661,24,002;
1550059662,23,003;
1550059662,23,003;
1550059663,22,005;
1550059663,24,003;
1550059664,23,099;
1550059665,24,079;
1550059665,23,005;
1550059666,24,004;
1550059667,23,007;
1550059667,23,005;
1550059668,23,004;
1550059668,23,021;
1550059669,23,001;
1550059670,24,002;
1550059670,23,004;
1550059671,23,008;
1550059671,22,003;
1550059672,23,002;
1550059673,24,001;
1550059673,23,000;
1550059674,24,005;
1550059674,24,002;
1550059675,24,001;
1550059676,24,003;
1550059676,23,004;
1550059677,24,002;
1550059677,22,006;
1550059678,23,003;
1550059679,23,002;
1550059679,24,024;
1550059680,23,002;
1550059680,22,003;
1550059681,23,002;
1550059682,24,002;
1550059682,24,014;
1550059683,23,002;
1550059683,23,002;
1550059684,23,001;
1550059685,23,002;
1550059685,23,006;
1550059686,24,001;
1550059686,23,004;
1550059687,24,002;
1550059688,23,003;
1550059688,23,002;
1550059689,23,003;
1550059689,24,002;
1550059690,24,009;
1550059691,23,003;
1550059691,23,002;
1550059692,24,004;
1550059692,23,002;
1550059693,24,053;
1550059694,24,004;
1550059694,24,005;
1550059695,25,003;
1550059696,23,003;
1550059696,24,001;
1550059697,24,002;
1550059697,24,001;
1550059698,24,002;
1550059699,23,002;
1550059699,24,006;
1550059700,24,005;
1550059700,24,004;
1550059701,23,003;
1550059702,22,013;
1550059702,23,005;
1550059703,23,014;
1550059703,24,009;
1550059704,24,004;
1550059705,24,002;
1550059705,23,003;
1550059706,23,003;
1550059706,24,004;
1550059707,23,003;
1550059708,24,006;
1550059708,24,002;
1550059709,24,255;
1550059709,24,007;
1550059710,23,002;
1550059711,23,002;
1550059711,23,004;
1550059712,23,002;
1550059712,23,011;
1550059713,23,002;
1550059714,23,001;
1550059714,24,002;
1550059715,24,002;
1550059715,23,007;
1550059716,23,002;
1550059717,23,001;
1550059717,23,003;
1550059718,23,001;
1550059718,24,007;
1550059719,24,085;
1550059720,23,002;
1550059720,23,003;
1550059721,23,003;
1550059721,23,002;
1550059722,24,003;
1550059723,23,005;
1550059723,24,005;
1550059724,24,003;
1550059725,23,017;
1550059725,24,004;
1550059726,23,002;
1550059726,23,002;
1550059727,23,003;
1550059728,23,006;
1550059728,24,002;
1550059729,24,002;
1550059729,24,001;
1550059730,23,032;
1550059731,23,002;
1550059731,23,002;
1550059732,23,002;
1550059732,23,001;
1550059733,22,003;
1550059734,23,002;
1550059734,23,002;
1550059735,23,006;
1550059735,23,004;
1550059736,23,001;
1550059737,24,002;
1550059737,24,002;
1550059738,24,007;
1550059738,24,002;
1550059739,24,008;
1550059740,24,005;
1550059740,24,004;
1550059741,24,002;
1550059741,23,003;
1550059742,23,009;
1550059743,23,007;
1550059743,24,007;
1550059744,23,002;
1550059744,23,003;
1550059745,24,255;
1550059746,24,001;
1550059746,24,001;
1550059747,24,001;
1550059747,25,001;
1550059748,24,000;
1550059749,24,000;
1550059749,23,000;
1550059750,23,000;
1550059750,24,000;
1550059751,23,000;
1550059752,24,000;
1550059752,23,000;
1550059753,24,000;
1550059754,24,000;
1550059754,25,000;
1550059755,24,000;
1550059755,23,000;
1550059756,23,000;
1550059757,25,000;
1550059757,24,000;
1550059758,24,000;
1550059758,24,000;
1550059759,24,000;
1550059760,24,000;
1550059760,23,000;
1550059761,24,000;
1550059761,24,000;
1550059762,25,000;
1550059763,23,000;
1550059763,24,000;
1550059764,25,000;
1550059764,24,000;
1550059765,24,000;
1550059766,24,000;
1550059766,24,000;
1550059767,25,000;
1550059767,24,000;
1550059768,24,000;
1550059769,24,000;
1550059769,25,000;
1550059770,24,000;
1550059770,25,000;
1550059771,26,000;
1550059772,26,000;
1550059772,25,000;
1550059773,25,000;
1550059773,25,000;
1550059774,24,000;
1550059775,26,000;
1550059775,26,000;
1550059776,25,000;
1550059776,24,000;
1550059777,25,000;
1550059778,26,000;
1550059778,24,000;
1550059779,26,000;
1550059779,26,000;
1550059780,25,000;
1550059781,26,000;
1550059781,24,000;
1550059782,26,000;
1550059783,25,000;
1550059783,25,000;
1550059784,25,000;
1550059784,25,000;
1550059785,25,000;
1550059786,25,000;
1550059786,25,000;
1550059787,25,000;
1550059787,25,000;
1550059788,25,000;
1550059789,24,000;
1550059789,26,000;
1550059790,26,000;
1550059790,26,000;
1550059791,24,000;
1550059792,26,000;
1550059792,26,000;
1550059793,26,000;
1550059793,26,000;
1550059794,25,000;
1550059795,27,000;
1550059795,25,000;
1550059796,26,000;
1550059796,25,000;
1550059797,26,000;
1550059798,25,000;
1550059798,26,000;
1550059799,25,000;
1550059799,26,000;
1550059800,25,000;
1550059801,26,000;
1550059801,26,000;
1550059802,26,000;
1550059802,26,000;
1550059803,25,000;
1550059804,27,000;
1550059804,26,000;
1550059805,25,000;
1550059805,26,000;
1550059806,27,000;
1550059807,25,000;
1550059807,26,000;
1550059808,27,000;
1550059808,26,000;
1550059809,26,000;
1550059810,26,000;
1550059810,25,000;
1550059811,27,000;
1550059812,26,000;
1550059812,27,000;
1550059813,25,000;
1550059813,27,000;
1550059814,26,000;
1550059815,26,000;
1550059815,26,000;
1550059816,27,000;
1550059816,25,000;
1550059817,26,000;
1550059818,26,000;
1550059818,26,000;
1550059819,26,000;
1550059819,26,000;
1550059820,25,000;
1550059821,27,000;
1550059821,27,000;
1550059822,25,000;
1550059822,28,000;
1550059823,25,000;
1550059824,26,000;
1550059824,25,000;
1550059825,26,000;
1550059825,27,000;
1550059826,27,000;
1550059827,27,000;
1550059827,26,000;
1550059828,26,000;
1550059828,27,000;
1550059829,26,000;
1550059830,27,000;
1550059830,28,000;
1550059831,27,000;
1550059831,27,000;
1550059832,26,000;
1550059833,26,000;
1550059833,27,000;
1550059834,25,000;
1550059834,27,000;
1550059835,26,000;
1550059836,26,000;
1550059836,27,000;
1550059837,27,000;
1550059837,27,000;
1550059838,26,000;
1550059839,28,000;
1550059839,28,000;
1550059840,26,000;
1550059841,26,000;
1550059841,26,000;
1550059842,27,000;
1550059842,27,000;
1550059843,27,000;
1550059844,27,000;
1550059844,26,000;
1550059845,27,000;
1550059845,27,000;
1550059846,26,000;
1550059847,26,000;
1550059847,27,000;
1550059848,26,000;
1550059848,27,000;
1550059849,28,000;
1550059850,26,000;
1550059850,28,000;
1550059851,26,000;
1550059851,28,000;
1550059852,27,000;
1550059853,26,000;
1550059853,26,000;
1550059854,27,000;
1550059854,27,000;
1550059855,26,000;
1550059856,27,000;
1550059856,28,000;
1550059857,26,000;
1550059857,26,000;
1550059858,26,000;
1550059859,27,000;
1550059859,28,000;
1550059860,28,000;
1550059860,28,000;
1550059861,28,000;
1550059862,28,000;
1550059862,26,000;
1550059863,27,000;
1550059863,28,000;
1550059864,29,000;
1550059865,27,000;
1550059865,26,000;
1550059866,28,000;
1550059866,28,000;
1550059867,27,000;
1550059868,27,000;
1550059868,27,000;
1550059869,27,000;
1550059870,28,000;
1550059870,27,000;
1550059871,28,000;
1550059871,27,000;
1550059872,29,000;
1550059873,28,000;
1550059873,27,000;
1550059874,27,000;
1550059874,27,000;
1550059875,27,000;
1550059876,29,000;
1550059876,29,000;
1550059877,27,000;
1550059877,27,000;
1550059878,28,000;
1550059879,29,000;
1550059879,27,000;
1550059880,27,000;
1550059880,28,000;
1550059881,27,000;
1550059882,27,000;
1550059882,27,000;
1550059883,28,000;
1550059883,28,000;
1550059884,28,000;
1550059885,27,000;
1550059885,27,000;
1550059886,29,000;
1550059886,28,000;
1550059887,28,000;
1550059888,27,000;
1550059888,27,000;
1550059889,27,000;
1550059889,28,000;
1550059890,29,000;
1550059891,27,000;
1550059891,28,000;
1550059892,27,000;
1550059892,28,000;
1550059893,29,000;
1550059894,29,000;
1550059894,28,000;
1550059895,28,000;
1550059896,29,000;
1550059896,28,000;
1550059897,29,000;
1550059897,29,000;
1550059898,29,000;
1550059899,27,000;
1550059899,28,000;
1550059900,29,000;
1550059900,28,000;
1550059901,29,000;
1550059902,29,000;
1550059902,28,000;
1550059903,29,000;
1550059903,28,000;
1550059904,28,000;
1550059905,28,000;
1550059905,28,000;
1550059906,28,000;
1550059906,28,000;
1550059907,27,000;
1550059908,29,000;
1550059908,28,000;
1550059909,28,000;
1550059909,29,000;
1550059910,29,000;
1550059911,28,000;
1550059911,28,000;
1550059912,29,000;
1550059912,27,000;
1550059913,29,000;
1550059914,28,000;
1550059914,28,000;
1550059915,28,000;
1550059915,27,000;
1550059916,29,000;
1550059917,28,000;
1550059917,29,000;
1550059918,30,000;
1550059918,28,000;
1550059919,28,000;
1550059920,30,000;
1550059920,28,000;
1550059921,29,000;
1550059921,28,000;
1550059922,27,000;
1550059923,29,000;
1550059923,29,000;
1550059924,28,000;
1550059925,30,000;
1550059925,29,000;
1550059926,30,000;
1550059926,29,000;
1550059927,28,000;
1550059928,30,000;
1550059928,30,000;
1550059929,30,000;
1550059929,28,000;
1550059930,30,000;
1550059931,28,000;
1550059931,28,000;
1550059932,29,000;
1550059932,29,000;
1550059933,29,000;
1550059934,29,000;
1550059934,29,000;
1550059935,29,000;
1550059935,28,000;
1550059936,28,000;
1550059937,29,000;
1550059937,29,000;
1550059938,29,000;
1550059938,28,000;
1550059939,30,000;
1550059940,29,000;
1550059940,28,000;
1550059941,29,000;
1550059941,28,000;
1550059942,29,000;
1550059943,30,000;
1550059943,29,000;
1550059944,28,000;
1550059944,28,000;
1550059945,28,000;
1550059946,29,000;
1550059946,29,000;
1550059947,28,000;
1550059947,28,000;
1550059948,29,000;
1550059949,29,000;
1550059949,29,000;
1550059950,29,000;
1550059950,30,000;
1550059951,28,000;
1550059952,28,000;
1550059952,29,000;
1550059953,29,000;
1550059954,28,000;
1550059954,30,000;
1550059955,29,000;
1550059955,29,000;
1550059956,29,000;
1550059957,29,000;
1550059957,28,000;
1550059958,30,000;
1550059958,28,000;
1550059959,28,000;
1550059960,30,000;
1550059960,28,000;
1550059961,29,000;
1550059961,30,000;
1550059962,30,000;
1550059963,30,000;
1550059963,30,000;
1550059964,29,000;
1550059964,28,000;
1550059965,29,000;
1550059966,30,000;
1550059966,28,000;
1550059967,29,000;
1550059967,29,000;
1550059968,30,000;
1550059969,28,000;
1550059969,30,000;
1550059970,29,000;
1550059970,29,000;
1550059971,30,000;
1550059972,29,000;
1550059972,28,000;
1550059973,30,000;
1550059973,30,000;
1550059974,30,000;
1550059975,30,000;
1550059975,29,000;
1550059976,30,000;
1550059976,28,000;
1550059977,28,000;
1550059978,29,000;
1550059978,31,000;
1550059979,29,000;
1550059979,29,000;
1550059980,30,000;
1550059981,28,000;
1550059981,28,000;
1550059982,29,000;
1550059983,29,000;
1550059983,29,000;
1550059984,29,000;
1550059984,29,000;
1550059985,30,000;
1550059986,29,000;
1550059986,28,000;
1550059987,30,000;
1550059987,30,000;
1550059988,30,000;
1550059989,31,000;
1550059989,29,000;
1550059990,28,000;
1550059990,29,000;
1550059991,30,000;
1550059992,30,000;
1550059992,29,000;
1550059993,28,000;
1550059993,29,000;
1550059994,29,000;
1550059995,31,000;
1550059995,30,000;
1550059996,29,000;
1550059996,30,000;
1550059997,30,000;
1550059998,30,000;
1550059998,30,000;
1550059999,31,000;
1550059999,30,000;
1550060000,29,000;
1550060001,30,000;
1550060001,30,000;
1550060002,28,000;
1550060002,30,000;
1550060003,30,000;
1550060004,31,000;
1550060004,30,000;
1550060005,29,000;
1550060005,30,000;
1550060006,30,000;
1550060007,30,000;
1550060007,30,000;
1550060008,30,000;
1550060008,29,000;
1550060009,30,000;
1550060010,30,000;
1550060010,30,000;
1550060011,30,000;
1550060012,29,000;
1550060012,29,000;
1550060013,29,000;
1550060013,29,000;
1550060014,29,000;
1550060015,30,000;
1550060015,31,000;
1550060016,30,000;
1550060016,30,000;
1550060017,29,000;
1550060018,29,000;
1550060018,30,000;
1550060019,29,000;
1550060019,29,000;
1550060020,29,000;
1550060021,28,000;
1550060021,30,000;
1550060022,29,000;
1550060022,28,000;
1550060023,29,000;
1550060024,31,000;
1550060024,29,000;
1550060025,29,000;
1550060025,29,000;
1550060026,28,000;
1550060027,31,000;
1550060027,29,000;
1550060028,30,000;
1550060028,30,000;
1550060029,29,000;
1550060030,30,000;
1550060030,30,000;
1550060031,31,000;
1550060031,30,000;
1550060032,30,000;
1550060033,31,000;
1550060033,31,000;
1550060034,28,000;
1550060034,30,000;
1550060035,30,000;
1550060036,29,000;
1550060036,29,000;
1550060037,29,000;
1550060037,29,000;
1550060038,28,000;
1550060039,30,000;
1550060039,31,000;
1550060040,29,000;
1550060041,30,000;
1550060041,30,000;
1550060042,31,000;
1550060042,31,000;
1550060043,30,000;
1550060044,30,000;
1550060044,30,000;
1550060045,29,000;
1550060045,29,000;
1550060046,31,000;
1550060047,29,000;
1550060047,30,000;
1550060048,29,000;
1550060048,31,000;
1550060049,30,000;
1550060050,29,000;
1550060050,30,000;
1550060051,29,000;
1550060051,30,000;
1550060052,31,000;
1550060053,29,000;
1550060053,29,000;
1550060054,29,000;
1550060054,29,000;
1550060055,29,000;
1550060056,29,000;
1550060056,29,000;
1550060057,31,000;
1550060057,31,000;
1550060058,30,000;
1550060059,30,000;
1550060059,29,000;
1550060060,30,000;
1550060060,29,000;
1550060061,31,000;
1550060062,30,000;
1550060062,30,000;
1550060063,31,000;
1550060063,29,000;
1550060064,29,000;
1550060065,30,000;
1550060065,29,000;
1550060066,31,000;
1550060066,31,000;
1550060067,30,000;
1550060068,31,000;
1550060068,29,000;
1550060069,29,000;
1550060070,30,000;
1550060070,29,000;
1550060071,31,000;
1550060071,30,000;
1550060072,30,000;
1550060073,30,000;
1550060073,30,000;
1550060074,30,000;
1550060074,31,000;
1550060075,29,000;
1550060076,29,000;
1550060076,30,000;
1550060077,30,000;
1550060077,29,000;
1550060078,30,000;
1550060079,30,000;
1550060079,30,000;
1550060080,29,000;
1550060080,31,000;
1550060081,31,000;
1550060082,29,000;
1550060082,30,000;
1550060083,30,000;
1550060083,31,000;
1550060084,31,000;
1550060085,31,000;
1550060085,30,000;
1550060086,29,000;
1550060086,31,000;
1550060087,30,000;
1550060088,29,000;
1550060088,29,000;
1550060089,31,000;
1550060089,30,000;
1550060090,30,000;
1550060091,31,000;
1550060091,29,000;
1550060092,29,000;
1550060092,31,000;
1550060093,31,000;
1550060094,31,000;
1550060094,29,000;
1550060095,31,000;
1550060095,29,000;
1550060096,31,000;
1550060097,30,000;
1550060097,30,000;
1550060098,30,000;
1550060099,30,000;
1550060099,30,000;
1550060100,31,000;
1550060100,30,000;
1550060101,31,000;
1550060102,30,000;
1550060102,31,000;
1550060103,30,000;
1550060103,31,000;
1550060104,30,000;
1550060105,29,000;
1550060105,29,000;
1550060106,30,000;
1550060106,31,000;
1550060107,31,000;
1550060108,30,000;
1550060108,31,000;
1550060109,30,000;
1550060109,30,000;
1550060110,31,000;
1550060111,31,000;
1550060111,30,000;
1550060112,31,000;
1550060112,30,000;
1550060113,29,000;
1550060114,30,000;
1550060114,30,000;
1550060115,30,000;
1550060115,31,000;
1550060116,30,000;
1550060117,29,000;
1550060117,29,000;
1550060118,31,000;
1550060118,31,000;
1550060119,29,000;
1550060120,30,000;
1550060120,29,000;
1550060121,30,000;
1550060121,31,000;
1550060122,29,000;
1550060123,29,000;
1550060123,31,000;
1550060124,30,000;
1550060124,30,000;
1550060125,30,000;
1550060126,31,000;
1550060126,31,000;
1550060127,31,000;
1550060128,29,000;
1550060128,31,000;
1550060129,30,000;
1550060129,31,000;
1550060130,31,000;
1550060131,32,000;
1550060131,30,000;
1550060132,30,000;
1550060132,31,000;
1550060133,30,000;
1550060134,31,000;
1550060134,32,000;
1550060135,31,000;
1550060135,31,000;
1550060136,31,000;
1550060137,30,000;
1550060137,31,000;
1550060138,30,000;
1550060138,31,000;
1550060139,30,000;
1550060140,31,000;
1550060140,30,000;
1550060141,29,000;
1550060141,31,000;
1550060142,29,000;
1550060143,31,000;
1550060143,31,000;
1550060144,31,000;
1550060144,30,000;
1550060145,30,000;
1550060146,29,000;
1550060146,31,000;
1550060147,31,000;
1550060147,31,000;
1550060148,31,000;
1550060149,31,000;
1550060149,31,000;
1550060150,32,000;
1550060150,30,000;
1550060151,31,000;
1550060152,30,000;
1550060152,31,000;
1550060153,31,000;
1550060153,31,000;
1550060154,30,000;
1550060155,30,000;
1550060155,31,000;
1550060156,30,000;
1550060157,31,000;
1550060157,31,000;
1550060158,30,000;
1550060158,30,000;
1550060159,32,000;
1550060160,31,000;
1550060160,30,000;
1550060161,32,000;
1550060161,31,000;
1550060162,31,000;
1550060163,30,000;
1550060163,31,000;
1550060164,29,000;
1550060164,30,000;
1550060165,30,000;
1550060166,30,000;
1550060166,30,000;
1550060167,29,000;
1550060167,32,000;
1550060168,30,000;
1550060169,31,000;
1550060169,31,000;
1550060170,31,000;
1550060170,30,000;
1550060171,31,000;
1550060172,32,000;
1550060172,30,000;
1550060173,30,000;
1550060173,31,000;
1550060174,30,000;
1550060175,30,000;
1550060175,31,000;
1550060176,29,000;
1550060176,30,000;
1550060177,31,000;
1550060178,30,000;
1550060178,29,000;
1550060179,31,000;
1550060179,29,000;
1550060180,30,000;
1550060181,29,000;
1550060181,31,000;
1550060182,31,000;
1550060182,30,000;
1550060183,30,000;
1550060184,30,000;
1550060184,31,000;
1550060185,31,000;
1550060186,31,000;
1550060186,31,000;
1550060187,32,000;
1550060187,32,000;
1550060188,30,000;
1550060189,29,000;
1550060189,31,000;
1550060190,31,000;
1550060190,31,000;
1550060191,30,000;
1550060192,29,000;
1550060192,32,000;
1550060193,32,000;
1550060193,30,000;
1550060194,29,000;
1550060195,32,000;
1550060195,32,000;
1550060196,29,000;
1550060196,30,000;
1550060197,32,000;
1550060198,31,000;
1550060198,31,000;
1550060199,31,000;
1550060199,30,000;
1550060200,31,000;
1550060201,29,000;
1550060201,31,000;
1550060202,31,000;
1550060202,29,000;
1550060203,30,000;
1550060204,30,000;
1550060204,29,000;
1550060205,29,000;
1550060205,31,000;
1550060206,31,000;
1550060207,31,000;
1550060207,30,000;
1550060208,29,000;
1550060208,31,000;
1550060209,30,000;
1550060210,31,000;
1550060210,31,000;
1550060211,31,000;
1550060211,31,000;
1550060212,29,000;
1550060213,29,000;
1550060213,30,000;
1550060214,31,000;
1550060215,32,000;
1550060215,31,000;
1550060216,32,000;
1550060216,31,000;
1550060217,31,000;
1550060218,31,000;
1550060218,32,000;
1550060219,30,000;
1550060219,31,000;
1550060220,31,000;
1550060221,31,000;
1550060221,31,000;
1550060222,30,000;
1550060222,31,000;
1550060223,29,000;
1550060224,29,000;
1550060224,32,000;
1550060225,32,000;
1550060225,31,000;
1550060226,31,000;
1550060227,30,000;
1550060227,31,000;
1550060228,30,000;
1550060228,29,000;
1550060229,30,000;
1550060230,31,000;
1550060230,31,000;
1550060231,30,000;
1550060231,30,000;
1550060232,30,000;
1550060233,30,000;
1550060233,31,000;
1550060234,30,000;
1550060234,31,000;
1550060235,30,000;
1550060236,30,000;
1550060236,32,000;
1550060237,30,000;
1550060237,30,000;
1550060238,29,000;
1550060239,31,000;
1550060239,31,000;
1550060240,30,000;
1550060240,31,000;
1550060241,31,000;
1550060242,31,000;
1550060242,32,000;
1550060243,30,000;
1550060244,30,000;
1550060244,30,000;
1550060245,31,000;
1550060245,31,000;
1550060246,30,000;
1550060247,30,000;
1550060247,32,000;
1550060248,30,000;
1550060248,31,000;
1550060249,31,000;
1550060250,31,000;
1550060250,29,000;
1550060251,30,000;
1550060251,30,000;
1550060252,32,000;
1550060253,30,000;
1550060253,29,000;
1550060254,31,000;
1550060254,29,000;
1550060255,30,000;
1550060256,31,000;
1550060256,30,000;
1550060257,29,000;
1550060257,31,000;
1550060258,31,000;
1550060259,31,000;
1550060259,31,000;
1550060260,31,000;
1550060260,30,000;
1550060261,30,000;
1550060262,29,000;
1550060262,32,000;
1550060263,32,000;
1550060263,30,000;
1550060264,30,000;
1550060265,30,000;
1550060265,30,000;
1550060266,32,000;
1550060266,32,000;
1550060267,30,000;
1550060268,32,000;
1550060268,31,000;
1550060269,30,000;
1550060269,31,000;
1550060270,30,000;
1550060271,31,000;
1550060271,31,000;
1550060272,30,000;
1550060273,32,000;
1550060273,30,000;
1550060274,31,000;
1550060274,31,000;
1550060275,32,000;
1550060276,31,000;
1550060276,30,000;
1550060277,32,000;
1550060277,30,000;
1550060278,31,000;
1550060279,30,000;
1550060279,31,000;
1550060280,31,000;
1550060280,29,000;
1550060281,30,000;
1550060282,32,000;
1550060282,29,000;
1550060283,30,000;
1550060283,30,000;
1550060284,31,000;
1550060285,31,000;
1550060285,30,000;
1550060286,30,000;
1550060286,30,000;
1550060287,30,000;
1550060288,31,000;
1550060288,30,000;
1550060289,30,000;
1550060289,30,000;
1550060290,30,000;
1550060291,30,000;
1550060291,30,000;
1550060292,31,000;
1550060292,32,000;
1550060293,32,000;
1550060294,29,000;
1550060294,29,000;
1550060295,29,000;
1550060295,29,000;
1550060296,31,000;
1550060297,30,000;
1550060297,30,000;
1550060298,30,000;
1550060298,31,000;
1550060299,30,000;
1550060300,31,000;
1550060300,30,000;
1550060301,31,000;
1550060302,31,000;
1550060302,31,000;
1550060303,32,000;
1550060303,31,000;
1550060304,30,000;
1550060305,32,000;
1550060305,31,000;
1550060306,30,000;
1550060306,30,000;
1550060307,31,000;
1550060308,32,000;
1550060308,30,000;
1550060309,30,000;
1550060309,29,000;
1550060310,30,000;
1550060311,30,000;
1550060311,30,000;
1550060312,30,000;
1550060312,30,000;
1550060313,32,000;
1550060314,30,000;
1550060314,29,000;
1550060315,30,000;
1550060315,31,000;
1550060316,31,000;
1550060317,31,000;
1550060317,29,000;
1550060318,31,000;
1550060318,31,000;
1550060319,30,000;
1550060320,31,000;
1550060320,30,000;
1550060321,30,000;
1550060321,30,000;
1550060322,30,000;
1550060323,30,000;
1550060323,31,000;
1550060324,30,000;
1550060324,30,000;
1550060325,32,000;
1550060326,30,000;
1550060326,29,000;
1550060327,31,000;
1550060327,29,000;
1550060328,30,000;
1550060329,29,000;
1550060329,32,000;
1550060330,30,000;
1550060331,31,000;
1550060331,31,000;
1550060332,31,000;
1550060332,32,000;
1550060333,31,000;
1550060334,32,000;
1550060334,29,000;
1550060335,32,000;
1550060335,32,000;
1550060336,30,000;
1550060337,30,000;
1550060337,31,000;
1550060338,30,000;
1550060338,31,000;
1550060339,31,000;
1550060340,30,000;
1550060340,32,000;
1550060341,30,000;
1550060341,31,000;
1550060342,31,000;
1550060343,32,000;
1550060343,29,000;
1550060344,31,000;
1550060344,32,000;
1550060345,31,000;
1550060346,30,000;
1550060346,32,000;
1550060347,32,000;
1550060347,29,000;
1550060348,29,000;
1550060349,31,000;
1550060349,31,000;
1550060350,32,000;
1550060350,31,000;
1550060351,32,000;
1550060352,30,000;
1550060352,31,000;
1550060353,30,000;
1550060353,30,000;
1550060354,31,000;
1550060355,29,000;
1550060355,31,000;
1550060356,30,000;
1550060356,30,000;
1550060357,30,000;
1550060358,31,000;
1550060358,31,000;
1550060359,30,000;
1550060360,31,000;
1550060360,30,000;
1550060361,30,000;
1550060361,31,000;
1550060362,30,000;
1550060363,30,000;
1550060363,31,000;
1550060364,31,000;
1550060364,32,000;
1550060365,31,000;
1550060366,31,000;
1550060366,31,000;
1550060367,30,000;
1550060367,30,000;
1550060368,30,000;
1550060369,30,000;
1550060369,30,000;
1550060370,30,000;
1550060370,31,000;
1550060371,30,000;
1550060372,31,000;
1550060372,31,000;
1550060373,30,000;
1550060373,32,000;
1550060374,31,000;
1550060375,31,000;
1550060375,30,000;
1550060376,30,000;
1550060376,31,000;
1550060377,30,000;
1550060378,30,000;
1550060378,32,000;
1550060379,30,000;
1550060379,29,000;
1550060380,31,000;
1550060381,30,000;
1550060381,30,000;
1550060382,31,000;
1550060382,30,000;
1550060383,31,000;
1550060384,30,000;
1550060384,31,000;
1550060385,30,000;
1550060385,32,000;
1550060386,31,000;
1550060387,31,000;
1550060387,31,000;
1550060388,31,000;
1550060389,30,000;
1550060389,30,000;
1550060390,31,000;
1550060390,31,000;
1550060391,29,000;
1550060392,29,000;
1550060392,29,000;
1550060393,30,000;
1550060393,30,000;
1550060394,32,000;
1550060395,31,000;
1550060395,31,000;
1550060396,31,000;
1550060396,31,000;
1550060397,29,000;
1550060398,31,000;
1550060398,31,000;
1550060399,30,000;
1550060399,30,000;
1550060400,31,000;
1550060401,32,000;
1550060401,29,000;
1550060402,31,000;
1550060402,30,000;
1550060403,30,000;
1550060404,30,000;
1550060404,30,000;
1550060405,31,000;
1550060405,32,000;
1550060406,31,000;
1550060407,30,000;
1550060407,32,000;
1550060408,30,000;
1550060408,31,000;
1550060409,29,000;
1550060410,32,000;
1550060410,30,000;
1550060411,29,000;
1550060411,30,000;
1550060412,31,000;
1550060413,31,000;
1550060413,29,000;
1550060414,31,000;
1550060415,31,000;
1550060415,30,000;
1550060416,29,000;
1550060416,31,000;
1550060417,32,000;
1550060418,31,000;
1550060418,32,000;
1550060419,31,000;
1550060419,31,000;
1550060420,31,000;
1550060421,30,000;
1550060421,32,000;
1550060422,30,000;
1550060422,30,000;
1550060423,30,000;
1550060424,32,000;
1550060424,31,000;
1550060425,30,000;
1550060425,29,000;
1550060426,32,000;
1550060427,30,000;
1550060427,31,000;
1550060428,32,000;
1550060428,31,000;
1550060429,30,000;
1550060430,29,000;
1550060430,29,000;
1550060431,29,000;
1550060431,30,000;
1550060432,30,000;
1550060433,31,000;
1550060433,30,000;
1550060434,31,000;
1550060434,30,000;
1550060435,31,000;
1550060436,31,000;
1550060436,30,000;
1550060437,30,000;
1550060437,31,000;
1550060438,30,000;
1550060439,30,000;
1550060439,29,000;
1550060440,30,000;
1550060440,32,000;
1550060441,30,000;
1550060442,31,000;
1550060442,31,000;
1550060443,30,000;
1550060444,30,000;
1550060444,32,000;
1550060445,29,000;
1550060445,30,000;
1550060446,31,000;
1550060447,31,000;
1550060447,31,000;
1550060448,29,000;
1550060448,30,000;
1550060449,32,000;
1550060450,30,000;
1550060450,30,000;
1550060451,30,000;
1550060451,31,000;
1550060452,32,000;
1550060453,30,000;
1550060453,29,000;
1550060454,31,000;
1550060454,31,000;
1550060455,31,000;
1550060456,30,000;
1550060456,30,000;
1550060457,30,000;
1550060457,29,000;
1550060458,31,000;
1550060459,30,000;
1550060459,31,000;
1550060460,29,000;
1550060460,30,000;
1550060461,32,000;
1550060462,31,000;
1550060462,29,000;
1550060463,31,000;
1550060463,30,000;
1550060464,30,000;
1550060465,30,000;
1550060465,31,000;
1550060466,30,000;
1550060466,30,000;
1550060467,31,000;
1550060468,30,000;
1550060468,31,000;
1550060469,31,000;
1550060469,30,000;
1550060470,32,000;
1550060471,30,000;
1550060471,30,000;
1550060472,31,000;
1550060473,32,000;
1550060473,31,000;
1550060474,31,000;
1550060474,30,000;
1550060475,30,000;
1550060476,29,000;
1550060476,30,000;
1550060477,30,000;
1550060477,31,000;
1550060478,31,000;
1550060479,31,000;
1550060479,31,000;
1550060480,30,000;
1550060480,30,000;
1550060481,32,000;
1550060482,30,000;
1550060482,30,000;
1550060483,29,000;
1550060483,31,000;
1550060484,31,000;
1550060485,32,000;
1550060485,30,000;
1550060486,30,000;
1550060486,31,000;
1550060487,30,000;
1550060488,31,000;
1550060488,31,000;
1550060489,31,000;
1550060489,31,000;
1550060490,31,000;
1550060491,30,000;
1550060491,31,000;
1550060492,31,000;
1550060492,30,000;
1550060493,31,000;
1550060494,30,000;
1550060494,30,000;
1550060495,31,000;
1550060495,31,000;
1550060496,30,000;
1550060497,31,000;
1550060497,31,000;
1550060498,30,000;
1550060498,30,000;
1550060499,32,000;
1550060500,31,000;
1550060500,32,000;
1550060501,30,000;
1550060502,31,000;
1550060502,31,000;
1550060503,31,000;
1550060503,31,000;
1550060504,31,000;
1550060505,31,000;
1550060505,30,000;
1550060506,30,000;
1550060506,30,000;
1550060507,31,000;
1550060508,30,000;
1550060508,31,000;
1550060509,31,000;
1550060509,32,000;
1550060510,32,000;
1550060511,30,000;
1550060511,31,000;
1550060512,30,000;
1550060512,30,000;
1550060513,30,000;
1550060514,30,000;
1550060514,31,000;
1550060515,30,000;
1550060515,32,000;
1550060516,30,000;
1550060517,32,000;
1550060517,29,000;
1550060518,32,000;
1550060518,32,000;
1550060519,29,000;
1550060520,32,000;
1550060520,30,000;
1550060521,30,000;
1550060521,29,000;
1550060522,29,000;
1550060523,30,000;
1550060523,31,000;
1550060524,31,000;
1550060524,30,000;
1550060525,30,000;
1550060526,32,000;
1550060526,31,000;
1550060527,31,000;
1550060527,31,000;
1550060528,31,000;
1550060529,30,000;
1550060529,31,000;
1550060530,30,000;
1550060531,30,000;
1550060531,31,000;
1550060532,32,000;
1550060532,29,000;
1550060533,30,000;
1550060534,31,000;
1550060534,30,000;
1550060535,30,000;
1550060535,30,000;
1550060536,31,000;
1550060537,31,000;
1550060537,32,000;
1550060538,31,000;
1550060538,30,000;
1550060539,30,000;
1550060540,29,000;
1550060540,31,000;
1550060541,29,000;
1550060541,30,000;
1550060542,31,000;
1550060543,30,000;
1550060543,31,000;
1550060544,31,000;
1550060545,30,000;
1550060545,30,000;
1550060546,30,000;
1550060546,29,000;
1550060547,30,000;
1550060547,32,000;
1550060548,30,000;
1550060549,30,000;
1550060549,31,000;
1550060550,30,000;
1550060550,31,000;
1550060551,29,000;
1550060552,30,000;
1550060552,31,000;
1550060553,30,000;
1550060553,30,000;
1550060554,29,000;
1550060555,30,000;
1550060555,30,000;
1550060556,30,000;
1550060556,31,000;
1550060557,31,000;
1550060558,31,000;
1550060558,30,000;
1550060559,32,000;
1550060560,31,000;
1550060560,31,000;
1550060561,31,000;
1550060561,31,000;
1550060562,30,000;
1550060563,31,000;
1550060563,29,000;
1550060564,31,000;
1550060564,30,000;
1550060565,29,000;
1550060566,29,000;
1550060566,31,000;
1550060567,31,000;
1550060567,31,000;
1550060568,30,000;
1550060569,31,000;
1550060569,31,000;
1550060570,30,000;
1550060570,30,000;
1550060571,30,000;
1550060572,29,000;
1550060572,32,000;
1550060573,31,000;
1550060573,31,000;
1550060574,30,000;
1550060575,29,000;
1550060575,30,000;
1550060576,31,000;
1550060576,31,000;
1550060577,31,000;
1550060578,31,000;
1550060578,30,000;
1550060579,31,000;
1550060579,29,000;
1550060580,32,000;
1550060581,30,000;
1550060581,30,000;
1550060582,31,000;
1550060582,30,000;
1550060583,31,000;
1550060584,31,000;
1550060584,32,000;
1550060585,29,000;
1550060585,30,000;
1550060586,31,000;
1550060587,34,000;
1550060587,32,000;
1550060588,32,000;
1550060589,32,000;
1550060589,31,000;
1550060590,32,000;
1550060590,33,000;
1550060591,32,000;
